age,weight,mane_color,health,alpha
18,220.823,Blonde,Good,0
3,207.111,Black,Great,0
27,209.49,Blonde,Great,0
7,198.635,Blonde with Dark Tips,Great,0
14,209.95,Blonde,Great,0
2,229.053,Blonde with Dark Tips,Excelent,0
29,183.809,Reddish-Brown,Good,0
6,181.752,Reddish-Brown,Poor,0
11,197.48,Dark Brown,Good,0
10,192.611,Sandy,Excelent,0
18,214.015,Sandy,Excelent,0
7,218.453,Blonde,Good,0
7,212.465,Dark Brown,Excelent,0
21,180.26,Sandy,Good,0
9,185.5,Blonde,Great,0
7,185.557,Black,Great,0
25,204.433,Dark Brown,Great,0
11,188.276,Dark Brown,Excelent,0
5,172.465,Dark Brown,Great,0
1,192.82,Dark Brown,Great,0
10,219.326,Reddish-Brown,Good,0
24,189.409,Blonde,Excelent,0
25,174.47,Dark Brown,Good,0
16,200.229,Blonde with Dark Tips,Great,0
3,199.966,Dark Brown,Good,0
26,187.533,Black,Great,0
9,218.436,Reddish-Brown,Great,0
1,171.191,Blonde with Dark Tips,Great,0
7,212.784,Blonde,Good,0
28,213.112,Blonde,Great,0
25,218.244,Blonde with Dark Tips,Poor,0
2,195.314,Reddish-Brown,Good,0
22,214.169,Black,Great,0
13,204.396,Black,Great,0
19,174.96,Black,Great,0
9,179.472,Blonde,Good,0
27,174.354,Sandy,Poor,0
16,176.427,Dark Brown,Poor,0
25,183.279,Black,Good,0
30,195.032,Blonde with Dark Tips,Excelent,0
6,198.74,Blonde,Great,0
8,204.963,Sandy,Good,0
8,205.226,Blonde,Great,0
1,173.356,Black,Great,0
11,223.777,Blonde with Dark Tips,Poor,0
26,174.582,Blonde with Dark Tips,Good,0
10,210.662,Blonde,Poor,0
6,220.935,Reddish-Brown,Great,0
16,226.033,Blonde with Dark Tips,Great,0
10,209.047,Sandy,Good,0
19,213.025,Sandy,Poor,0
25,220.034,Blonde with Dark Tips,Excelent,0
14,205.551,Sandy,Good,0
19,214.786,Sandy,Poor,0
21,189.28,Sandy,Great,0
6,227.738,Blonde,Good,0
28,225.679,Blonde with Dark Tips,Good,0
29,217.852,Sandy,Great,0
5,212.923,Blonde,Poor,0
24,226.483,Blonde,Poor,0
2,189.998,Blonde with Dark Tips,Excelent,0
23,198.219,Blonde with Dark Tips,Excelent,0
30,174.688,Blonde,Excelent,0
30,223.029,Sandy,Great,0
6,202.548,Sandy,Poor,0
17,227.696,Blonde with Dark Tips,Good,0
8,226.431,Blonde,Good,0
3,176.065,Sandy,Excelent,0
15,193.628,Sandy,Good,0
6,186.952,Sandy,Excelent,0
26,205.258,Black,Good,0
14,209.321,Dark Brown,Great,1
17,188.697,Blonde,Great,0
9,180.646,Blonde with Dark Tips,Excelent,0
19,170.877,Dark Brown,Great,0
14,209.912,Blonde,Great,0
8,212.608,Sandy,Excelent,0
24,193.615,Reddish-Brown,Excelent,0
27,207.325,Dark Brown,Good,0
1,207.548,Black,Great,0
21,200.599,Blonde with Dark Tips,Great,0
5,183.772,Sandy,Poor,0
13,178.046,Reddish-Brown,Good,0
1,228.282,Sandy,Poor,0
11,174.098,Reddish-Brown,Good,0
2,223.283,Blonde with Dark Tips,Great,0
25,188.454,Blonde,Great,0
8,182.529,Blonde with Dark Tips,Good,0
1,205.215,Blonde with Dark Tips,Excelent,0
8,215.424,Black,Excelent,0
12,177.315,Sandy,Great,0
25,179.594,Blonde with Dark Tips,Great,0
17,202.735,Blonde with Dark Tips,Good,0
1,200.7,Blonde,Excelent,0
22,200.502,Blonde with Dark Tips,Good,0
22,182.774,Reddish-Brown,Good,0
23,208.228,Sandy,Excelent,0
20,217.31,Blonde with Dark Tips,Great,0
1,200.486,Black,Great,0
23,172.254,Blonde,Good,0
9,191.543,Blonde,Excelent,0
21,186.333,Dark Brown,Poor,0
11,170.792,Black,Great,0
13,172.647,Sandy,Excelent,0
13,196.514,Black,Good,0
23,178.921,Blonde with Dark Tips,Good,0
9,191.107,Sandy,Excelent,0
28,177.847,Sandy,Great,0
13,179.488,Dark Brown,Great,0
25,183.646,Blonde,Great,0
13,225.599,Sandy,Great,0
10,174.36,Blonde with Dark Tips,Excelent,0
4,224.236,Blonde with Dark Tips,Good,0
29,178.727,Blonde,Great,0
28,172.243,Blonde with Dark Tips,Great,0
18,184.338,Blonde with Dark Tips,Excelent,0
17,199.998,Black,Good,0
26,201.743,Sandy,Good,0
19,192.349,Black,Excelent,0
5,179.661,Black,Great,0
26,193.795,Sandy,Excelent,0
23,184.322,Blonde,Good,0
19,170.169,Sandy,Good,0
24,172.423,Sandy,Poor,0
30,213.538,Blonde,Great,0
3,212.632,Sandy,Great,0
24,217.02,Blonde with Dark Tips,Great,0
28,201.166,Dark Brown,Good,0
17,206.454,Blonde with Dark Tips,Poor,0
12,180.653,Reddish-Brown,Great,0
24,179.673,Reddish-Brown,Great,0
18,180.428,Blonde with Dark Tips,Good,0
15,189.374,Reddish-Brown,Great,0
5,220.856,Reddish-Brown,Poor,0
1,180.758,Sandy,Good,0
11,200.191,Blonde,Great,0
4,212.663,Blonde with Dark Tips,Great,0
30,189.858,Sandy,Excelent,0
22,208.371,Sandy,Good,0
28,225.706,Blonde with Dark Tips,Great,0
1,220.982,Blonde,Great,0
5,185.557,Sandy,Good,0
14,205.874,Blonde,Great,0
15,176.963,Sandy,Excelent,0
29,208.097,Reddish-Brown,Poor,0
19,181.959,Sandy,Good,0
24,214.732,Black,Great,0
17,209.257,Blonde,Good,0
16,176.366,Dark Brown,Great,0
20,219.401,Sandy,Poor,0
15,192.537,Reddish-Brown,Poor,0
4,174.468,Blonde,Excelent,0
3,198.337,Blonde,Good,0
11,221.97,Sandy,Great,0
27,202.112,Blonde,Great,0
23,195.814,Black,Poor,0
20,184.587,Sandy,Great,0
15,229.068,Blonde,Good,0
29,189.729,Blonde,Excelent,0
15,211.035,Blonde,Poor,0
30,214.023,Black,Great,0
28,208.313,Blonde with Dark Tips,Great,0
21,195.866,Dark Brown,Good,0
13,204.93,Blonde,Great,0
26,179.137,Blonde,Great,0
24,183.044,Black,Great,0
24,175.285,Black,Poor,0
12,224.253,Sandy,Great,0
8,205.684,Blonde,Good,0
12,204.608,Blonde,Great,0
18,229.061,Dark Brown,Great,0
16,194.226,Sandy,Good,0
16,179.333,Blonde,Poor,0
4,188.757,Black,Great,0
29,193.462,Sandy,Great,0
23,188.938,Blonde with Dark Tips,Great,0
9,229.732,Reddish-Brown,Great,0
4,222.581,Black,Great,0
19,206.825,Dark Brown,Good,0
17,217.214,Blonde,Good,0
28,179.302,Sandy,Poor,0
7,180.931,Sandy,Good,0
9,226.758,Reddish-Brown,Great,0
7,223.731,Dark Brown,Excelent,0
16,202.894,Blonde with Dark Tips,Good,0
26,211.196,Sandy,Good,0
8,219.425,Blonde with Dark Tips,Great,0
29,203.557,Blonde with Dark Tips,Excelent,0
20,199.542,Blonde,Excelent,0
30,194.57,Blonde,Great,0
1,219.881,Blonde with Dark Tips,Excelent,0
23,174.92,Black,Good,0
12,173.964,Sandy,Great,0
1,204.597,Dark Brown,Poor,0
22,184.293,Blonde with Dark Tips,Good,0
9,221.836,Black,Good,0
22,170.009,Reddish-Brown,Good,0
27,198.332,Blonde with Dark Tips,Good,0
24,207.347,Black,Great,0
14,181.217,Blonde,Excelent,0
8,188.826,Blonde,Poor,0
7,223.642,Sandy,Poor,0
19,195.125,Blonde,Excelent,0
17,219.838,Reddish-Brown,Good,0
19,171.819,Sandy,Poor,0
10,199.909,Sandy,Great,0
12,177.259,Blonde,Great,0
22,177.042,Blonde,Great,0
19,182.756,Blonde,Excelent,0
4,211.948,Blonde with Dark Tips,Poor,0
21,213.401,Blonde with Dark Tips,Great,0
8,223.468,Black,Good,0
8,229.892,Black,Good,0
4,204.756,Sandy,Good,0
3,202.669,Blonde with Dark Tips,Great,0
29,211.095,Blonde,Good,0
16,228.565,Sandy,Good,0
24,196.855,Blonde with Dark Tips,Good,0
21,203.077,Black,Poor,0
9,199.271,Dark Brown,Poor,0
2,214.935,Blonde with Dark Tips,Good,0
9,179.147,Reddish-Brown,Great,0
5,211.195,Reddish-Brown,Poor,0
13,224.339,Black,Great,0
8,216.986,Sandy,Great,0
29,171.413,Black,Great,0
17,199.899,Blonde,Great,0
18,225.152,Sandy,Good,0
13,196.411,Sandy,Excelent,0
11,192.053,Sandy,Good,0
6,183.709,Dark Brown,Excelent,0
16,197.347,Sandy,Great,0
15,199.765,Sandy,Great,0
7,223.391,Blonde with Dark Tips,Excelent,0
25,226.655,Sandy,Great,0
2,192.409,Blonde with Dark Tips,Great,0
11,214.678,Sandy,Poor,0
20,178.815,Blonde,Excelent,0
18,205.064,Blonde with Dark Tips,Great,0
17,205.132,Blonde with Dark Tips,Good,0
24,182.159,Sandy,Excelent,0
14,226.584,Reddish-Brown,Poor,0
9,218.393,Blonde,Poor,0
28,189.811,Blonde with Dark Tips,Poor,0
10,198.825,Black,Great,0
8,170.53,Blonde with Dark Tips,Great,0
24,227.615,Blonde with Dark Tips,Great,0
24,226.745,Blonde with Dark Tips,Great,0
4,225.203,Dark Brown,Good,0
1,204.213,Sandy,Excelent,0
16,174.301,Blonde with Dark Tips,Excelent,0
19,219.522,Sandy,Great,0
3,212.282,Dark Brown,Great,0
12,215.488,Blonde,Good,0
3,200.429,Blonde with Dark Tips,Poor,0
16,194.05,Blonde with Dark Tips,Good,0
21,172.36,Blonde with Dark Tips,Great,0
9,222.222,Black,Poor,0
3,185.282,Sandy,Good,0
6,170.088,Reddish-Brown,Great,0
5,188.574,Blonde with Dark Tips,Excelent,0
17,186.468,Black,Great,0
27,177.067,Sandy,Good,0
21,221.924,Blonde,Excelent,0
9,181.483,Blonde,Poor,0
4,190.474,Black,Excelent,0
17,228.522,Sandy,Great,0
20,178.367,Reddish-Brown,Excelent,0
5,227.026,Blonde,Great,0
22,174.357,Sandy,Great,0
28,177.293,Reddish-Brown,Excelent,0
1,208.43,Dark Brown,Great,0
21,205.988,Dark Brown,Good,0
25,197.914,Blonde,Excelent,0
14,225.176,Blonde,Poor,0
27,180.738,Reddish-Brown,Poor,0
18,210.418,Black,Excelent,0
8,224.391,Blonde,Good,0
10,206.58,Sandy,Good,0
4,180.631,Blonde with Dark Tips,Great,0
22,208.489,Blonde with Dark Tips,Excelent,0
6,170.849,Reddish-Brown,Good,0
30,204.482,Dark Brown,Excelent,0
28,178.044,Blonde with Dark Tips,Great,0
26,203.038,Sandy,Great,0
14,201.495,Reddish-Brown,Great,0
12,198.844,Blonde with Dark Tips,Great,0
17,176.815,Blonde,Great,0
22,217.8,Blonde,Great,0
1,219.334,Black,Excelent,0
28,206.448,Blonde with Dark Tips,Excelent,0
1,214.167,Sandy,Excelent,0
29,223.642,Sandy,Great,0
19,176.427,Blonde,Excelent,0
30,170.484,Black,Great,0
5,222.382,Sandy,Great,0
3,180.329,Blonde,Poor,0
11,203.693,Blonde,Good,0
18,196.992,Blonde with Dark Tips,Great,0
4,208.007,Blonde,Excelent,0
6,223.138,Black,Great,0
25,227.834,Blonde,Great,0
2,212.267,Sandy,Poor,0
24,193.501,Blonde,Great,0
28,207.631,Blonde with Dark Tips,Poor,0
15,211.559,Blonde with Dark Tips,Good,0
26,223.444,Sandy,Great,0
30,224.685,Black,Great,0
2,200.533,Dark Brown,Great,0
15,205.377,Sandy,Great,0
8,212.289,Blonde with Dark Tips,Great,0
6,189.521,Blonde,Poor,0
13,201.434,Sandy,Great,0
15,193.046,Blonde with Dark Tips,Good,0
21,179.269,Dark Brown,Good,0
27,214.147,Sandy,Great,0
1,194.72,Sandy,Excelent,0
16,187.592,Blonde,Great,0
9,185.663,Dark Brown,Good,0
8,201.078,Dark Brown,Great,0
13,204.008,Black,Great,1
9,206.907,Black,Excelent,0
12,211.847,Sandy,Great,0
22,220.828,Blonde with Dark Tips,Poor,0
24,193.316,Dark Brown,Good,0
27,205.545,Blonde,Great,0
8,215.925,Blonde,Great,0
13,215.395,Reddish-Brown,Great,0
13,227.879,Blonde with Dark Tips,Great,0
1,193.133,Blonde,Excelent,0
26,227.453,Blonde with Dark Tips,Excelent,0
28,185.386,Blonde with Dark Tips,Excelent,0
7,193.249,Blonde with Dark Tips,Excelent,0
22,183.767,Blonde with Dark Tips,Excelent,0
28,219.088,Blonde,Great,0
1,212.556,Blonde,Great,0
18,192.581,Blonde with Dark Tips,Great,0
21,218.24,Blonde,Excelent,0
13,223.352,Blonde,Poor,0
12,181.979,Blonde with Dark Tips,Great,0
28,206.159,Blonde,Good,0
3,203.906,Blonde with Dark Tips,Excelent,0
10,183.539,Black,Good,0
1,227.792,Sandy,Good,0
11,186.478,Sandy,Great,0
25,193.209,Dark Brown,Great,0
28,209.878,Blonde,Great,0
20,212.933,Black,Great,0
17,218.919,Blonde with Dark Tips,Great,0
21,228.142,Sandy,Great,0
4,226.699,Dark Brown,Poor,0
10,225.581,Black,Great,0
30,204.296,Blonde with Dark Tips,Good,0
27,199.996,Blonde with Dark Tips,Great,0
20,172.229,Blonde with Dark Tips,Great,0
22,187.219,Sandy,Poor,0
5,221.882,Black,Good,0
20,176.962,Sandy,Good,0
30,191.789,Reddish-Brown,Great,0
6,207.488,Blonde,Poor,0
6,215.259,Reddish-Brown,Poor,0
16,197.621,Blonde with Dark Tips,Great,0
10,184.758,Blonde,Good,0
13,175.3,Blonde,Great,0
25,188.605,Black,Great,0
19,184.553,Blonde,Great,0
26,206.371,Sandy,Poor,0
11,182.204,Sandy,Good,0
26,229.213,Blonde with Dark Tips,Excelent,0
28,221.866,Dark Brown,Excelent,0
10,190.197,Sandy,Great,0
27,173.881,Sandy,Good,0
7,200.087,Black,Excelent,0
9,204.9,Blonde with Dark Tips,Great,0
1,177.547,Blonde with Dark Tips,Good,0
21,176.272,Blonde,Great,0
9,180.104,Blonde,Great,0
22,204.524,Reddish-Brown,Good,0
25,185.07,Blonde,Excelent,0
11,229.232,Blonde,Excelent,0
1,174.693,Blonde,Great,0
22,191.958,Blonde,Great,0
1,221.9,Blonde with Dark Tips,Excelent,0
4,198.844,Blonde,Excelent,0
15,196.118,Blonde,Great,0
11,185.667,Blonde,Excelent,0
21,215.451,Sandy,Excelent,0
17,197.927,Blonde,Good,0
5,207.855,Sandy,Good,0
9,208.414,Blonde,Excelent,0
28,208.937,Black,Poor,0
30,202.024,Sandy,Great,0
29,181.655,Blonde with Dark Tips,Great,0
21,202.192,Blonde,Excelent,0
29,182.757,Blonde,Poor,0
24,175.481,Blonde,Good,0
30,205.033,Blonde with Dark Tips,Great,0
22,194.305,Black,Great,0
3,219.709,Blonde with Dark Tips,Excelent,0
21,223.679,Sandy,Poor,0
28,201.953,Sandy,Excelent,0
19,181.321,Blonde with Dark Tips,Great,0
5,174.583,Blonde with Dark Tips,Great,0
16,189.482,Blonde with Dark Tips,Great,0
18,207.936,Blonde,Excelent,0
18,201.189,Blonde with Dark Tips,Poor,0
24,193.857,Reddish-Brown,Great,0
22,196.759,Blonde with Dark Tips,Great,0
8,185.637,Sandy,Excelent,0
30,172.719,Blonde,Excelent,0
6,177.151,Black,Great,0
21,215.362,Dark Brown,Great,0
6,192.111,Sandy,Great,0
13,217.094,Blonde,Good,0
12,216.725,Blonde with Dark Tips,Great,0
12,206.663,Blonde,Excelent,0
27,205.542,Blonde with Dark Tips,Great,0
22,190.314,Sandy,Great,0
20,186.205,Blonde,Poor,0
12,192.873,Blonde,Good,0
3,192.125,Black,Great,0
17,205.321,Reddish-Brown,Excelent,0
16,205.667,Blonde,Great,0
18,172.496,Blonde,Great,0
30,207.685,Reddish-Brown,Good,0
20,212.947,Blonde with Dark Tips,Great,0
25,223.408,Reddish-Brown,Good,0
7,214.34,Blonde,Great,0
19,181.683,Blonde with Dark Tips,Excelent,0
28,185.89,Blonde,Excelent,0
6,187.725,Sandy,Excelent,0
21,173.733,Blonde with Dark Tips,Great,0
29,207.318,Sandy,Poor,0
12,227.234,Blonde with Dark Tips,Great,0
7,178.872,Blonde,Great,0
1,201.696,Blonde with Dark Tips,Poor,0
22,185.092,Sandy,Excelent,0
7,227.443,Dark Brown,Great,0
25,178.697,Blonde with Dark Tips,Good,0
20,208.5,Blonde,Great,0
11,219.88,Black,Great,0
1,214.499,Blonde,Excelent,0
15,170.437,Sandy,Good,0
12,221.831,Black,Great,0
7,224.969,Blonde,Great,0
4,190.758,Blonde,Great,0
1,198.375,Blonde,Excelent,0
29,192.247,Blonde with Dark Tips,Poor,0
12,209.686,Blonde,Good,0
4,203.243,Black,Good,0
5,192.715,Black,Great,0
21,198.166,Blonde,Great,0
27,200.867,Sandy,Great,0
14,186.149,Blonde,Good,0
13,193.912,Sandy,Great,0
13,215.877,Blonde with Dark Tips,Great,0
30,176.978,Blonde with Dark Tips,Great,0
19,170.12,Blonde,Great,0
18,178.394,Sandy,Great,0
23,200.218,Dark Brown,Poor,0
9,221.14,Reddish-Brown,Excelent,0
16,214.888,Blonde,Good,0
30,176.582,Blonde,Great,0
11,208.001,Blonde,Good,0
9,203.711,Black,Great,0
21,223.773,Blonde with Dark Tips,Good,0
18,185.012,Blonde,Good,0
13,195.019,Reddish-Brown,Poor,0
23,206.437,Reddish-Brown,Great,0
26,189.063,Blonde,Excelent,0
26,207.785,Reddish-Brown,Great,0
7,180.119,Black,Great,0
14,226.717,Blonde,Good,0
25,206.477,Dark Brown,Great,0
29,199.756,Sandy,Good,0
3,180.148,Dark Brown,Good,0
13,215.856,Blonde with Dark Tips,Great,0
13,226.28,Blonde,Excelent,0
20,225.448,Blonde with Dark Tips,Good,0
7,217.517,Blonde with Dark Tips,Great,0
13,225.531,Reddish-Brown,Excelent,0
24,191.365,Blonde with Dark Tips,Great,0
12,185.225,Sandy,Good,0
25,219.208,Sandy,Excelent,0
26,216.463,Blonde with Dark Tips,Great,0
22,222.19,Black,Great,0
7,187.174,Reddish-Brown,Good,0
14,171.845,Sandy,Good,0
6,225.895,Dark Brown,Great,0
19,179.058,Blonde,Great,0
21,174.099,Blonde,Good,0
9,178.229,Black,Good,0
4,190.711,Blonde,Excelent,0
14,205.677,Reddish-Brown,Poor,0
22,214.64,Black,Good,0
17,211.611,Sandy,Excelent,0
27,182.094,Black,Excelent,0
27,187.124,Dark Brown,Great,0
6,174.632,Blonde with Dark Tips,Excelent,0
17,210.472,Blonde,Excelent,0
1,187.375,Sandy,Good,0
26,228.285,Blonde,Good,0
8,177.737,Blonde with Dark Tips,Excelent,0
25,208.879,Blonde with Dark Tips,Poor,0
2,204.575,Black,Poor,0
2,197.735,Blonde,Poor,0
13,192.06,Blonde with Dark Tips,Good,0
8,204.138,Reddish-Brown,Good,0
15,178.906,Blonde,Great,0
30,224.059,Blonde with Dark Tips,Good,0
8,204.282,Sandy,Excelent,0
16,218.666,Blonde,Great,0
9,215.847,Sandy,Good,0
9,187.437,Blonde with Dark Tips,Good,0
27,170.566,Sandy,Great,0
3,183.934,Blonde with Dark Tips,Great,0
29,187.566,Sandy,Great,0
19,212.468,Blonde,Excelent,0
14,212.086,Reddish-Brown,Good,0
10,189.146,Sandy,Good,0
13,196.081,Blonde with Dark Tips,Good,0
29,201.03,Sandy,Excelent,0
7,228.882,Blonde with Dark Tips,Poor,0
5,196.209,Dark Brown,Excelent,0
5,227.774,Blonde with Dark Tips,Excelent,0
15,207.581,Dark Brown,Good,0
29,220.451,Blonde,Good,0
23,179.654,Blonde,Good,0
12,216.49,Dark Brown,Great,1
13,222.483,Sandy,Excelent,0
16,184.826,Blonde,Good,0
30,220.614,Blonde,Great,0
9,218.222,Blonde,Good,0
9,184.924,Blonde with Dark Tips,Good,0
13,210.884,Sandy,Good,0
24,218.316,Sandy,Excelent,0
10,224.696,Blonde,Great,0
24,202.484,Sandy,Excelent,0
6,200.326,Blonde,Poor,0
2,197.681,Blonde with Dark Tips,Great,0
19,183.886,Blonde,Great,0
28,170.176,Blonde with Dark Tips,Excelent,0
6,182.915,Dark Brown,Good,0
19,181.236,Blonde with Dark Tips,Excelent,0
27,221.746,Black,Poor,0
21,222.297,Blonde,Excelent,0
15,170.178,Sandy,Great,0
11,179.579,Black,Great,0
12,185.116,Dark Brown,Excelent,0
12,180.018,Sandy,Good,0
3,182.455,Dark Brown,Good,0
22,198.444,Black,Poor,0
12,226.824,Sandy,Good,0
2,188.735,Black,Great,0
5,187.556,Sandy,Good,0
30,208.615,Blonde with Dark Tips,Great,0
2,198.127,Blonde,Great,0
24,213.348,Blonde,Excelent,0
17,196.646,Blonde with Dark Tips,Excelent,0
29,177.017,Blonde,Good,0
6,185.021,Sandy,Great,0
29,218.236,Sandy,Great,0
4,211.258,Dark Brown,Excelent,0
8,220.851,Dark Brown,Good,0
30,228.78,Blonde,Great,0
9,170.927,Reddish-Brown,Excelent,0
16,228.526,Sandy,Good,0
2,186.361,Sandy,Great,0
8,217.494,Sandy,Great,0
3,183.023,Blonde,Excelent,0
28,193.479,Blonde,Excelent,0
1,173.778,Blonde with Dark Tips,Great,0
17,229.044,Blonde,Excelent,0
8,198.335,Sandy,Excelent,0
15,188.674,Sandy,Good,0
6,221.268,Reddish-Brown,Poor,0
9,175.218,Dark Brown,Good,0
14,194.375,Reddish-Brown,Great,0
17,227.198,Blonde,Great,0
23,177.173,Sandy,Excelent,0
11,185.765,Sandy,Excelent,0
16,205.783,Blonde,Poor,0
8,227.403,Blonde,Excelent,0
26,220.07,Blonde,Great,0
2,183.448,Blonde,Excelent,0
14,188.027,Blonde with Dark Tips,Great,0
8,200.012,Blonde with Dark Tips,Good,0
19,171.151,Blonde,Poor,0
24,181.607,Sandy,Excelent,0
2,187.527,Blonde with Dark Tips,Great,0
11,206.635,Blonde,Excelent,0
13,172.038,Blonde,Great,0
18,193.649,Sandy,Good,0
28,215.502,Blonde with Dark Tips,Excelent,0
2,213.409,Blonde with Dark Tips,Great,0
25,187.209,Blonde with Dark Tips,Good,0
30,207.147,Sandy,Great,0
4,226.44,Blonde,Excelent,0
23,200.431,Blonde with Dark Tips,Great,0
19,226.487,Blonde with Dark Tips,Great,0
2,174.958,Blonde,Good,0
17,196.092,Blonde with Dark Tips,Excelent,0
4,206.902,Sandy,Excelent,0
18,207.336,Sandy,Excelent,0
10,190.974,Black,Great,0
18,215.586,Dark Brown,Excelent,0
26,177.062,Blonde,Good,0
6,179.575,Blonde,Great,0
9,194.622,Blonde with Dark Tips,Good,0
9,227.529,Blonde with Dark Tips,Great,0
6,211.393,Blonde,Great,0
23,182.068,Black,Excelent,0
8,209.452,Sandy,Great,0
25,217.666,Sandy,Great,0
2,171.685,Blonde,Good,0
11,177.774,Sandy,Excelent,0
20,214.833,Blonde with Dark Tips,Great,0
12,196.326,Reddish-Brown,Excelent,0
21,190.49,Reddish-Brown,Great,0
23,184.612,Blonde with Dark Tips,Great,0
15,178.529,Sandy,Poor,0
26,191.91,Reddish-Brown,Great,0
21,195.307,Sandy,Excelent,0
28,218.622,Blonde with Dark Tips,Great,0
1,200.189,Blonde with Dark Tips,Excelent,0
18,211.681,Blonde,Great,0
27,200.924,Dark Brown,Great,0
13,201.979,Black,Great,0
19,180.726,Dark Brown,Good,0
15,188.103,Blonde with Dark Tips,Great,0
8,225.838,Sandy,Great,0
7,221.566,Sandy,Good,0
11,222.015,Blonde,Excelent,0
8,194.766,Blonde with Dark Tips,Great,0
1,204.424,Blonde,Great,0
9,177.906,Dark Brown,Great,0
10,182.446,Blonde,Great,0
30,209.949,Blonde,Good,0
15,172.259,Blonde,Good,0
5,220.245,Sandy,Excelent,0
18,226.081,Blonde,Great,0
10,176.409,Blonde,Great,0
23,188.616,Sandy,Good,0
17,182.226,Blonde,Excelent,0
10,213.818,Blonde,Poor,0
29,227.214,Blonde,Poor,0
20,214.741,Black,Good,0
12,186.974,Blonde,Good,0
9,221.848,Sandy,Great,0
2,213.464,Blonde,Good,0
25,209.965,Blonde with Dark Tips,Excelent,0
21,183.601,Blonde,Excelent,0
13,218.147,Blonde with Dark Tips,Poor,0
30,204.657,Sandy,Good,0
20,214.568,Sandy,Excelent,0
4,191.437,Sandy,Great,0
30,178.901,Blonde with Dark Tips,Good,0
24,226.012,Blonde,Excelent,0
29,204.394,Reddish-Brown,Good,0
3,173.458,Sandy,Poor,0
25,222.795,Blonde,Excelent,0
22,218.784,Blonde,Good,0
30,176.963,Blonde with Dark Tips,Great,0
5,226.691,Blonde with Dark Tips,Great,0
5,222.398,Blonde with Dark Tips,Excelent,0
8,204.348,Reddish-Brown,Poor,0
22,229.672,Dark Brown,Great,0
3,185.758,Black,Excelent,0
18,203.967,Black,Excelent,0
6,191.719,Reddish-Brown,Good,0
2,191.234,Blonde,Great,0
8,174.226,Blonde with Dark Tips,Excelent,0
2,172.138,Sandy,Good,0
11,196.916,Dark Brown,Great,0
2,179.395,Black,Poor,0
3,180.49,Dark Brown,Good,0
8,179.923,Blonde,Good,0
25,177.229,Reddish-Brown,Excelent,0
10,228.241,Reddish-Brown,Excelent,0
21,199.248,Dark Brown,Excelent,0
21,204.267,Blonde,Great,0
17,208.854,Blonde,Great,0
27,223.033,Blonde,Poor,0
21,197.178,Dark Brown,Great,0
22,183.559,Blonde,Excelent,0
1,208.261,Dark Brown,Great,0
29,184.043,Reddish-Brown,Good,0
14,199.328,Blonde,Poor,0
29,202.333,Dark Brown,Good,0
15,180.169,Dark Brown,Great,0
27,208.388,Black,Good,0
21,188.934,Dark Brown,Excelent,0
30,225.024,Reddish-Brown,Great,0
20,184.282,Dark Brown,Good,0
20,226.526,Sandy,Poor,0
28,175.709,Sandy,Poor,0
26,191.982,Dark Brown,Good,0
21,222.948,Blonde,Great,0
25,185.893,Blonde,Great,0
30,217.558,Blonde,Good,0
8,172.361,Blonde,Great,0
11,214.985,Blonde with Dark Tips,Good,0
2,209.53,Black,Great,0
24,221.797,Black,Excelent,0
5,173.374,Blonde with Dark Tips,Good,0
3,194.132,Sandy,Good,0
11,217.473,Dark Brown,Poor,0
23,188.842,Sandy,Good,0
21,201.271,Blonde,Great,0
11,222.436,Sandy,Excelent,0
9,222.884,Blonde,Good,0
5,203.863,Reddish-Brown,Excelent,0
19,181.532,Blonde,Good,0
22,203.905,Blonde,Great,0
21,171.282,Blonde with Dark Tips,Good,0
2,212.358,Sandy,Good,0
20,220.695,Dark Brown,Poor,0
6,172.08,Sandy,Poor,0
24,184.806,Reddish-Brown,Poor,0
23,221.876,Blonde,Good,0
6,204.312,Blonde,Great,0
21,216.848,Dark Brown,Poor,0
9,212.096,Sandy,Great,0
30,182.955,Blonde,Great,0
6,193.768,Dark Brown,Poor,0
14,189.773,Black,Excelent,0
5,211.102,Blonde,Great,0
22,194.254,Blonde,Great,0
5,222.078,Blonde with Dark Tips,Excelent,0
10,170.732,Black,Great,0
3,212.754,Blonde,Great,0
8,178.924,Dark Brown,Good,0
13,192.055,Black,Good,0
10,206.476,Dark Brown,Good,0
5,186.482,Blonde,Good,0
8,191.677,Blonde with Dark Tips,Great,0
29,191.356,Dark Brown,Great,0
13,187.317,Blonde with Dark Tips,Great,0
3,172.58,Blonde,Poor,0
3,220.963,Blonde with Dark Tips,Good,0
20,175.158,Black,Excelent,0
29,175.993,Sandy,Poor,0
29,206.594,Black,Excelent,0
26,203.709,Sandy,Poor,0
12,187.346,Black,Great,0
6,186.657,Blonde,Great,0
28,203.785,Sandy,Good,0
7,197.452,Blonde,Great,0
28,209.035,Reddish-Brown,Great,0
19,199.214,Blonde,Good,0
10,229.97,Blonde with Dark Tips,Excelent,0
27,198.148,Blonde,Great,0
11,219.987,Sandy,Excelent,0
28,195.719,Blonde with Dark Tips,Good,0
19,185.002,Sandy,Excelent,0
7,223.93,Sandy,Great,0
12,212.528,Blonde,Good,0
12,218.665,Blonde,Poor,0
29,203.171,Sandy,Great,0
3,180.357,Blonde with Dark Tips,Great,0
26,172.858,Black,Poor,0
17,184.828,Sandy,Good,0
3,191.879,Blonde,Excelent,0
14,195.877,Sandy,Good,0
6,196.451,Blonde,Great,0
17,199.588,Blonde,Great,0
18,197.433,Blonde,Good,0
15,216.89,Blonde,Good,0
10,203.631,Sandy,Poor,0
20,186.953,Sandy,Great,0
19,185.944,Dark Brown,Excelent,0
28,226.06,Blonde,Poor,0
12,218.468,Sandy,Great,0
16,172.939,Dark Brown,Good,0
5,211.57,Blonde with Dark Tips,Excelent,0
4,194.891,Sandy,Good,0
12,229.209,Reddish-Brown,Excelent,0
19,175.274,Blonde,Good,0
16,181.606,Blonde,Great,0
17,218.121,Blonde,Excelent,0
16,176.707,Blonde with Dark Tips,Great,0
25,209.737,Sandy,Poor,0
24,202.727,Reddish-Brown,Excelent,0
30,193.156,Reddish-Brown,Great,0
17,212.666,Reddish-Brown,Excelent,0
20,191.809,Dark Brown,Great,0
18,180.035,Blonde with Dark Tips,Poor,0
25,210.267,Black,Excelent,0
23,201.488,Sandy,Good,0
21,206.248,Sandy,Poor,0
5,175.905,Reddish-Brown,Great,0
4,176.348,Blonde,Poor,0
22,220.666,Blonde,Good,0
25,175.695,Blonde,Great,0
14,207.475,Blonde with Dark Tips,Good,0
7,229.522,Sandy,Excelent,0
3,203.754,Black,Poor,0
4,207.189,Blonde with Dark Tips,Great,0
2,215.375,Blonde,Good,0
22,186.271,Dark Brown,Great,0
12,226.36,Sandy,Great,0
8,209.571,Dark Brown,Great,0
2,209.106,Dark Brown,Great,0
9,170.367,Dark Brown,Great,0
7,193.745,Sandy,Great,0
3,190.547,Blonde,Good,0
25,184.813,Blonde,Great,0
3,183.981,Black,Good,0
1,227.864,Blonde,Poor,0
20,184.449,Sandy,Good,0
24,177.845,Reddish-Brown,Poor,0
25,182.012,Blonde with Dark Tips,Good,0
14,208.99,Sandy,Good,0
29,210.713,Reddish-Brown,Great,0
6,224.294,Blonde,Excelent,0
13,175.784,Sandy,Poor,0
9,201.978,Dark Brown,Great,0
4,189.894,Blonde,Excelent,0
30,192.456,Black,Excelent,0
16,187.266,Reddish-Brown,Excelent,0
17,193.246,Black,Poor,0
26,189.929,Black,Poor,0
26,176.38,Sandy,Excelent,0
18,176.228,Blonde,Excelent,0
2,187.163,Blonde,Great,0
25,197.064,Blonde with Dark Tips,Excelent,0
13,177.616,Reddish-Brown,Great,0
5,185.859,Sandy,Excelent,0
26,193.383,Blonde,Excelent,0
2,175.016,Blonde,Great,0
25,194.751,Blonde,Good,0
22,221.119,Blonde with Dark Tips,Poor,0
11,213.829,Blonde,Good,0
24,216.51,Blonde,Good,0
14,228.963,Sandy,Good,0
8,220.777,Blonde with Dark Tips,Poor,0
23,186.9,Blonde with Dark Tips,Good,0
5,185.396,Dark Brown,Excelent,0
30,170.557,Blonde with Dark Tips,Great,0
11,183.858,Blonde,Great,0
12,199.395,Dark Brown,Excelent,0
12,188.093,Sandy,Excelent,0
27,223.391,Blonde with Dark Tips,Good,0
19,193.16,Blonde with Dark Tips,Great,0
30,208.973,Blonde,Great,0
6,192.405,Black,Good,0
20,174.973,Dark Brown,Great,0
25,193.084,Sandy,Poor,0
13,188.984,Black,Good,0
16,208.112,Blonde,Great,0
30,195.11,Blonde,Poor,0
5,228.529,Blonde,Excelent,0
12,193.14,Blonde with Dark Tips,Good,0
9,210.126,Blonde with Dark Tips,Great,0
1,222.454,Blonde,Poor,0
16,188.701,Blonde,Good,0
4,215.539,Reddish-Brown,Excelent,0
30,212.912,Dark Brown,Great,0
18,228.855,Blonde with Dark Tips,Good,0
15,196.37,Blonde with Dark Tips,Good,0
28,172.664,Black,Excelent,0
20,182.618,Blonde,Great,0
4,176.902,Blonde,Excelent,0
17,197.305,Blonde,Excelent,0
28,213.796,Blonde with Dark Tips,Good,0
9,194.437,Dark Brown,Good,0
18,193.549,Blonde,Excelent,0
21,219.934,Dark Brown,Excelent,0
10,170.987,Sandy,Great,0
19,204.869,Blonde with Dark Tips,Good,0
18,205.479,Reddish-Brown,Excelent,0
28,226.405,Dark Brown,Excelent,0
20,181.909,Blonde with Dark Tips,Excelent,0
18,201.011,Sandy,Excelent,0
3,197.85,Sandy,Great,0
29,203.184,Blonde,Poor,0
28,213.814,Reddish-Brown,Excelent,0
29,183.989,Dark Brown,Great,0
9,193.425,Reddish-Brown,Good,0
26,228.15,Blonde,Good,0
29,200.305,Blonde,Great,0
26,172.109,Dark Brown,Good,0
28,196.791,Blonde,Good,0
6,179.214,Black,Great,0
5,226.807,Blonde,Excelent,0
2,194.829,Blonde,Good,0
16,208.538,Blonde,Excelent,0
1,185.186,Reddish-Brown,Good,0
26,178.99,Blonde,Good,0
20,173.916,Blonde,Great,0
30,205.765,Blonde,Great,0
29,193.131,Blonde with Dark Tips,Great,0
6,227.825,Blonde,Great,0
1,202.159,Sandy,Great,0
4,221.632,Sandy,Great,0
29,174.005,Blonde,Good,0
13,190.756,Blonde with Dark Tips,Excelent,0
2,206.389,Dark Brown,Great,0
1,212.486,Black,Great,0
30,204.804,Blonde,Great,0
15,199.148,Blonde,Excelent,0
25,187.692,Blonde with Dark Tips,Great,0
3,198.092,Black,Excelent,0
19,204.089,Sandy,Excelent,0
18,196.882,Reddish-Brown,Great,0
19,176.779,Blonde,Excelent,0
7,184.78,Blonde,Good,0
8,199.569,Blonde,Excelent,0
2,188.866,Sandy,Poor,0
14,202.323,Dark Brown,Excelent,0
6,228.321,Sandy,Great,0
1,211.94,Blonde,Great,0
3,195.332,Blonde,Poor,0
22,229.759,Sandy,Good,0
25,181.27,Blonde,Good,0
5,192.693,Reddish-Brown,Good,0
3,202.881,Black,Good,0
4,187.498,Blonde,Good,0
9,170.228,Black,Great,0
20,206.576,Dark Brown,Great,0
5,207.25,Blonde,Good,0
28,179.697,Sandy,Excelent,0
20,198.343,Sandy,Excelent,0
10,224.966,Black,Great,0
14,206.483,Dark Brown,Great,0
4,197.713,Blonde,Excelent,0
28,197.646,Blonde with Dark Tips,Great,0
20,221.844,Blonde,Poor,0
5,214.155,Reddish-Brown,Poor,0
5,210.437,Reddish-Brown,Great,0
6,220.1,Sandy,Great,0
18,177.412,Blonde,Good,0
5,207.03,Blonde with Dark Tips,Good,0
22,202.2,Blonde with Dark Tips,Poor,0
5,189.019,Blonde,Good,0
3,216.882,Black,Excelent,0
11,208.366,Reddish-Brown,Good,0
1,184.275,Blonde,Excelent,0
11,215.41,Reddish-Brown,Poor,0
9,176.113,Blonde with Dark Tips,Great,0
8,217.239,Blonde,Poor,0
18,196.597,Sandy,Great,0
1,214.795,Sandy,Excelent,0
24,212.081,Blonde,Great,0
16,180.01,Blonde with Dark Tips,Excelent,0
15,195.71,Blonde,Excelent,0
30,196.067,Blonde,Excelent,0
28,188.904,Blonde,Good,0
17,189.58,Blonde,Great,0
16,190.675,Sandy,Excelent,0
8,183.876,Blonde,Great,0
20,223.178,Reddish-Brown,Excelent,0
20,216.425,Blonde,Excelent,0
7,176.33,Blonde,Great,0
28,184.841,Blonde,Excelent,0
13,172.507,Sandy,Good,0
9,196.723,Blonde,Great,0
10,173.623,Sandy,Poor,0
30,177.771,Blonde with Dark Tips,Good,0
10,184.468,Blonde,Great,0
10,217.036,Blonde,Poor,0
17,225.045,Blonde with Dark Tips,Great,0
30,213.587,Reddish-Brown,Good,0
23,195.691,Sandy,Excelent,0
8,204.157,Dark Brown,Good,0
13,220.409,Blonde,Good,0
24,223.035,Sandy,Great,0
20,189.689,Reddish-Brown,Excelent,0
9,191.543,Blonde with Dark Tips,Good,0
4,202.794,Blonde,Excelent,0
11,172.384,Reddish-Brown,Good,0
15,173.358,Reddish-Brown,Great,0
27,216.242,Reddish-Brown,Excelent,0
4,197.62,Blonde,Poor,0
15,179.931,Blonde,Good,0
24,215.442,Sandy,Great,0
1,179.058,Dark Brown,Excelent,0
15,223.946,Dark Brown,Great,0
18,202.5,Blonde with Dark Tips,Great,0
19,210.382,Blonde,Excelent,0
18,171.42,Black,Excelent,0
12,203.023,Black,Great,1
21,193.903,Sandy,Good,0
12,218.071,Blonde with Dark Tips,Excelent,0
4,216.047,Reddish-Brown,Excelent,0
23,205.466,Dark Brown,Excelent,0
12,213.144,Sandy,Poor,0
4,195.577,Sandy,Poor,0
20,211.347,Reddish-Brown,Poor,0
16,172.246,Dark Brown,Great,0
10,197.688,Dark Brown,Great,0
2,225.305,Blonde,Poor,0
25,206.545,Blonde,Poor,0
24,212.632,Blonde,Excelent,0
2,196.831,Blonde,Great,0
23,201.441,Blonde,Great,0
27,170.609,Sandy,Excelent,0
3,202.535,Blonde with Dark Tips,Great,0
30,182.984,Sandy,Good,0
17,190.43,Sandy,Great,0
